ID,FG ID,Pitcher,Handedness,4SeamVelo,4SeamSpin,4SeamBU,4SeamWhiff/Swing,4SeamwOBA,4SeamH-Move,4SeamV-Move,2SeamVelo,2SeamSpin,2SeamBU,2SeamWhiff/Swing,2SeamwOBA,2SeamH-Move,2SeamV-Move,CutterVelo,CutterSpin,CutterBU,CutterWhiff/Swing,CutterwOBA,CutterH-Move,CutterV-Move,SliderVelo,SliderSpin,SliderBU,SliderWhiff/Swing,SliderwOBA,SliderH-Move,SliderV-Move,Change-UpVelo,Change-UpSpin,Change-UpBU,Change-UpWhiff/Swing,Change-UpwOBA,Change-UpH-Move,Change-UpV-Move,CurveballVelo,CurveballSpin,CurveballBU,CurveballWhiff/Swing,CurveballwOBA,CurveballH-Move,CurveballV-Move
458681,2520,Lance Lynn,R,94.6,2482,26.2,0.31,0.297,-3.50,7.80,92.8,2308,24.9,0.193220339,0.359,-7.4,3.5,89,2583,29.0,0.26,0.258,1.9,2.4,,,,,,,,,,,,,,,81.2,2352,29.0,0.40,0.2,4.5,-6.3
625643,16400,Reynaldo Lopez,R,95.4,2137,22.4,0.20,0.36,-5.60,8.20,,,,,,,,,,,,,,,84.4,2120,25.1,0.34,0.319,2.2,1.1,84,1610,19.2,0.33,0.408,-6.5,5.6,78.3,2084,26.6,0.27,0.307,2,-3.1
543037,13125,Gerrit Cole,R,97.1,2530,26.1,0.38,0.257,-6.50,9.90,,,,,,,,,,,,,,,89.2,2622,29.4,0.40,0.224,2.9,1,88.6,1870,21.1,0.41,0.268,-8.8,6,82.6,2901,35.1,0.32,0.26,6.7,-9.1
434378,8700,Justin Verlander,R,94.6,2577,27.2,0.31,0.347,-5.70,10.90,,,,,,,,,,,,,,,87.5,2612,29.9,0.40,0.164,2.4,2.6,,,,,,,,79.4,2821,35.5,0.26,0.222,4.3,-8
543606,6397,Jake Odorizzi,R,92.9,2236,24.1,0.31,0.29,-5.30,9.30,,,,,,,,85.4,2161,25.3,0.21,0.281,2.7,4.4,,,,,,,,,,,,,,,,,,,,,
572020,11828,James Paxton,L,95.4,2263,23.7,0.25,0.357,6.30,8.60,,,,,,,,88.1,2081,23.6,0.43,0.298,-0.9,2.1,,,,,,,,,,,,,,,81.1,2013,24.8,0.37,0.231,-1.8,-4.8
608337,15474,Lucas Giolito,R,94.2,2333,24.8,0.26,0.281,-4.30,10.20,,,,,,,,,,,,,,,84.6,2036,24.1,0.42,0.251,1.6,2.8,81.7,1563,19.1,0.41,0.27,-5.8,6.5,,,,,,,
571510,15440,Matthew Boyd,L,92.1,2384,25.9,0.24,0.359,5.90,7.90,,,,,,,,,,,,,,,79.6,2377,29.9,0.43,0.25,-2.3,-2.1,,,,,,,,,,,,,,
594798,10954,Jacob deGrom,R,96.9,2388,24.6,0.27,0.295,-3.30,9.10,,,,,,,,,,,,,,,92.5,2454,26.5,0.36,0.222,1.9,3.5,90.3,1703,18.9,0.40,0.203,-7.9,1.9,,,,,,,
621111,19374,Walker Buehler,R,96.5,2456,25.5,0.25,0.265,-2.60,9.70,96.6,2346,24.3,0.137254902,0.276,-7.5,7.1,92.8,2713,29.2,0.27,0.295,3.3,4.7,86.8,2867,33.0,0.32,0.242,6.4,-1.2,,,,,,,,80.7,2915,36.1,0.37,0.304,6.1,-9.9
501985,10021,Mike Minor,L,92.5,2650,28.6,0.23,0.322,2.40,8.10,,,,,,,,,,,,,,,86.4,2737,31.7,0.24,0.372,-3.1,0.9,86.2,2287,26.5,0.31,0.228,10,5.8,80.7,2534,31.4,0.32,0.328,-3.8,-6.8
656427,17479,Jack Flaherty,R,94.3,2222,23.6,0.22,0.265,-2.70,7.90,92,2009,21.8,0.232432432,0.221,-6.4,4.2,,,,,,,,84.8,2381,28.1,0.45,0.246,3.8,2,,,,,,,,78.2,2501,32.0,0.41,0.26,7.4,-7.4
669456,19427,Shane Bieber,R,93.1,2254,24.2,0.14,0.309,-4.70,9.80,,,,,,,,,,,,,,,85,2370,27.9,0.43,0.247,0.8,1.1,87.6,1725,19.7,0.22,0.324,-9,3.5,82.7,2303,27.8,0.49,0.25,2.3,-6.6
592761,14875,Caleb Smith,L,91.6,2425,26.5,0.25,0.334,8.20,8.70,,,,,,,,,,,,,,,83.5,2297,27.5,0.31,0.284,-1.1,1.3,82.6,1918,23.2,0.31,0.346,9,5.1,,,,,,,
545333,12703,Trevor Bauer,R,94.5,2415,25.6,0.22,0.406,-5.40,9.30,,,,,,,,84.6,2632,31.1,0.37,0.366,3.3,-1.6,79.6,2740,34.4,0.44,0.26,10.9,-2.2,86,1697,19.7,0.31,0.294,-8.8,4.4,79.1,2549,32.2,0.32,0.202,4.8,-11.7
608331,13743,Max Fried,L,93.8,2077,22.1,0.20,0.364,1.90,6.60,,,,,,,,,,,,,,,83.7,2562,30.6,0.29,0.24,-7.1,-2,,,,,,,,74.5,2844,38.2,0.38,0.245,-5.2,-11.6
663978,20099,Chris Paddack,R,93.9,2230,23.7,0.23,0.278,-4.10,10.10,,,,,,,,,,,,,,,,,,,,,,84.5,1707,20.2,0.29,0.254,-6.7,4.5,76.1,2145,28.2,0.17,0.297,3.7,-8.3
518516,5524,Madison Bumgarner,L,91.4,2405,26.3,0.22,0.325,5.40,8.50,,,,,,,,87.2,2488,28.5,0.25,0.326,-0.5,4,,,,,,,,,,,,,,,78.8,2645,33.6,0.33,0.235,-6.4,-3.5
622608,15488,Antonio Senzatela,R,93.7,2102,22.4,0.13,0.407,-2.80,6.40,,,,,,,,,,,,,,,84.4,2136,25.3,0.27,0.318,3.1,0.1,,,,,,,,78.8,2214,28.1,0.29,0.28,3.2,-3.1
642098,15200,Glenn Sparkman,R,93.4,2251,24.1,0.15,0.37,-5.80,7.90,,,,,,,,,,,,,,,82.3,2411,29.3,0.37,0.42,1.7,-0.6,85.7,2032,23.7,0.12,0.369,-8,5.8,79.1,2477,31.3,0.19,0.339,4.1,-6.8
607644,16269,John Means,L,91.7,2376,25.9,0.18,0.329,3.40,10.60,,,,,,,,,,,,,,,83.6,2324,27.8,0.28,0.204,-2.5,2.7,80.9,2331,28.8,0.25,0.275,7,9.4,,,,,,,
593958,13164,Eduardo Rodriguez,L,93,2202,23.7,0.29,0.354,5.10,7.30,93,2142,23.0,0.15,0.254,8.8,5.2,88.5,2226,25.2,0.20,0.293,-0.7,3.9,,,,,,,,87.7,2049,23.4,0.37,0.285,10.1,2.6,,,,,,,
456701,8362,Homer Bailey,R,93,2092,22.5,0.16,0.343,-4.50,8.20,,,,,,,,,,,,,,,87.3,1837,21.0,0.26,0.345,1.4,2.7,,,,,,,,78.4,1925,24.6,0.27,0.426,5.9,-5.7
453286,3137,Max Scherzer,R,94.9,2474,26.1,0.27,0.293,-6.80,7.60,,,,,,,,89.8,2441,27.2,0.26,0.338,-0.2,3.9,85.6,2365,27.6,0.51,0.169,1.9,0.3,84.3,1551,18.4,0.39,0.286,-8.8,0.8,78.5,2719,34.6,0.23,0.369,6.1,-4.1
641778,19316,Eric Lauer,L,91.8,2216,24.1,0.21,0.311,5.50,9.20,,,,,,,,88,2211,25.1,0.17,0.348,-0.7,4.7,81.6,2393,29.3,0.20,0.41,-1,-1.1,,,,,,,,77.1,2376,30.8,0.21,0.275,-2.2,-4.5
592826,11189,Vince Velasquez,R,94.2,2398,25.5,0.25,0.326,-2.20,9.40,,,,,,,,,,,,,,,86.4,2467,28.6,0.32,0.412,3.4,0.5,,,,,,,,83.1,2475,29.8,0.28,0.317,2.8,-6.4
592662,11486,Robbie Ray,L,92.4,2257,24.4,0.22,0.311,4.20,9.90,92.2,2182,23.7,0.183098592,0.44,8.2,7.3,,,,,,,,84.2,2145,25.5,0.44,0.307,-1,1.7,,,,,,,,81.6,2045,25.1,0.45,0.334,-0.5,-3.3
457918,7410,J.A. Happ,L,92,2319,25.2,0.25,0.373,4.70,9.40,89.6,2103,23.5,0.182186235,0.294,8,4.4,,,,,,,,84.8,2191,25.8,0.21,0.309,-1.4,2.9,86,1715,19.9,0.28,0.31,8.4,3.9,,,,,,,
579328,20633,Yusei Kikuchi,L,92.5,2096,22.7,0.16,0.416,3.40,8.40,,,,,,,,,,,,,,,86,2220,25.8,0.26,0.346,-1.8,1,84.5,1772,21.0,0.23,0.242,6.7,4.3,75,2527,33.7,0.15,0.414,-3.8,-9.4
425844,1943,Zack Greinke,R,89.9,2326,25.9,0.18,0.295,-1.00,8.90,,,,,,,,,,,,,,,83.7,2517,30.1,0.27,0.313,4.1,-0.5,87.4,1780,20.4,0.28,0.224,-6.9,1.6,70.6,2445,34.6,0.32,0.179,7,-7.5
527054,6797,Julio Teheran,R,89.7,2400,26.8,0.20,0.349,-3.60,6.70,89.3,2264,25.4,0.116923077,0.24,-8.4,2.3,,,,,,,,82.2,2603,31.7,0.35,0.342,1.8,1.7,83.6,1704,20.4,0.23,0.277,-8.5,3.8,,,,,,,
642547,18679,Freddy Peralta,R,93.6,2454,26.2,0.30,0.354,-4.10,9.00,,,,,,,,,,,,,,,,,,,,,,,,,,,,,77.2,2424,31.4,0.31,0.263,5,-6.8
641816,16358,Tyler Mahle,R,93.3,2161,23.2,0.21,0.323,-6.60,7.70,,,,,,,,,,,,,,,,,,,,,,,,,,,,,80.4,2595,32.3,0.27,0.3,4.3,-4.8
592351,14916,Jon Gray,R,96,2066,21.5,0.14,0.409,-6.30,6.60,,,,,,,,,,,,,,,88.3,2220,25.1,0.41,0.224,0.9,2.9,,,,,,,,78.6,2518,32.0,0.32,0.192,5.6,-4.2
592866,16977,Trevor Williams,R,91.7,2203,24.0,0.23,0.353,-3.50,7.60,89.6,1937,21.6,0.13,0.355,-8.1,3.5,,,,,,,,82.9,2202,26.6,0.31,0.348,3.8,0.4,83.6,1814,21.7,0.16,0.366,-8,4.5,,,,,,,
663423,17948,Trent Thornton,R,92.9,2373,25.5,0.18,0.369,-2.10,8.80,,,,,,,,88.1,2694,30.6,0.30,0.366,2.5,2.4,80.5,3089,38.4,0.32,0.261,6.8,-4.4,,,,,,,,,,,,,,
543475,7593,Jordan Lyles,R,92.6,2162,23.3,0.22,0.334,-3.80,9.30,,,,,,,,,,,,,,,87.5,2333,26.7,0.21,0.4,2.7,2.8,,,,,,,,80.6,2491,30.9,0.29,0.278,3.5,-9
605513,16207,Spencer Turnbull,R,93.6,2396,25.6,0.23,0.32,-1.30,5.90,94.1,2188,23.3,0.17,0.424,-8.7,3.4,,,,,,,,86.5,2438,28.2,0.32,0.285,3,-0.3,,,,,,,,80.3,2570,32.0,0.33,0.311,6.4,-8
501381,5372,Michael Pineda,R,92.5,1999,21.6,0.20,0.331,-3.50,7.30,,,,,,,,,,,,,,,83.9,2011,24.0,0.38,0.31,-0.8,0.4,87.1,1864,21.4,0.22,0.253,-8.8,4.2,,,,,,,
605400,16149,Aaron Nola,R,93.1,2171,23.3,0.19,0.38,-7.30,7.10,92.2,2132,23.1,0.09,0.33,-9.6,4.2,,,,,,,,,,,,,,,85.8,1570,18.3,0.31,0.27,-8.5,1.5,79.1,2574,32.5,0.34,0.262,8.7,-7.1
605164,12917,Dylan Bundy,R,91.1,2458,27.0,0.18,0.433,-2.90,10.10,91.3,2288,25.1,0.14,0.312,-7.5,7.6,,,,,,,,81.1,2573,31.7,0.48,0.222,2.8,-1.8,83.4,1569,18.8,0.33,0.312,-7.1,3.5,74.8,2404,32.1,0.29,0.248,5,-8.9
488768,8782,Andrew Cashner,R,93.9,2204,23.5,0.18,0.37,-4.30,8.90,,,,,,,,,,,,,,,85.7,2255,26.3,0.30,0.278,2.2,0.7,84.5,1545,18.3,0.28,0.267,-6.9,4.5,80.6,2349,29.1,0.15,0.345,6.3,-6.7
595881,16981,Tyler Beede,R,94.2,2320,24.6,0.16,0.361,-5.80,7.60,,,,,,,,,,,,,,,86.3,2199,25.5,0.38,0.338,0.4,0.8,83.9,1600,19.1,0.37,0.366,-8,1.7,80.3,2292,28.5,0.51,0.206,4.5,-9.1
641745,15734,Brad Keller,R,93.7,2295,24.5,0.18,0.346,0.00,7.70,92.8,2100,22.6,0.12,0.339,-6.1,5.2,,,,,,,,84.9,2510,29.6,0.29,0.233,4,-3.1,,,,,,,,,,,,,,
477132,2036,Clayton Kershaw,L,90.3,2477,27.4,0.18,0.318,-0.50,10.30,,,,,,,,,,,,,,,86.9,2668,30.7,0.34,0.265,-2.5,3.9,,,,,,,,73.5,2463,33.5,0.35,0.23,-1.6,-10.4
518876,11156,Merrill Kelly,R,92,2411,26.2,0.20,0.318,-2.60,8.30,91.5,2313,25.3,0.16,0.366,-7.8,4.6,89.9,2433,27.1,0.19,0.325,1.2,5.7,,,,,,,,86,2109,24.5,0.24,0.383,-7.2,7,80.6,2683,33.3,0.30,0.267,5.5,-8
608379,14078,Michael Wacha,R,93,2032,21.8,0.12,0.408,-3.90,9.30,,,,,,,,89.4,2097,23.5,0.19,0.41,1.2,5.7,,,,,,,,85.5,1606,18.8,0.39,0.25,-6.5,4.8,75.3,2066,27.4,0.30,0.549,4.9,-7.4
605182,12808,Mike Clevinger,R,95.4,2341,24.5,0.30,0.271,-3.10,9.70,,,,,,,,,,,,,,,80.7,2516,31.2,0.48,0.218,9.7,-1.7,87.1,1540,17.7,0.34,0.322,-6.8,5.9,77.6,2310,29.8,0.32,0.271,4.9,-8.3
596057,13475,Daniel Norris,L,90.8,2385,26.3,0.13,0.415,3.80,8.80,,,,,,,,,,,,,,,84.3,2512,29.8,0.30,0.253,-2.9,-0.1,85.7,1568,18.3,0.38,0.24,6.9,-0.7,,,,,,,
519141,11426,Drew Pomeranz,L,92.8,2436,26.3,0.29,0.329,3.60,10.30,,,,,,,,,,,,,,,,,,,,,,,,,,,,,81.2,2283,28.1,0.27,0.308,-1.7,-9
643338,15552,Chad Green,R,96.4,2465,25.6,0.28,0.334,-3.90,9.60,,,,,,,,,,,,,,,87.6,2251,25.7,0.36,0.239,1.9,0.8,,,,,,,,,,,,,,
643230,15291,Steven Brault,L,92.1,2068,22.5,0.19,0.379,5.40,6.90,91.3,1888,20.7,0.05,0.377,8.2,3.1,83.5,2211,26.5,0.49,0.208,0,0,,,,,,,,84.3,1582,18.8,0.20,0.277,6,0.4,,,,,,,
592767,11760,Drew Smyly,L,91.2,2086,22.9,0.20,0.415,3.10,10.20,,,,,,,,86.7,2041,23.5,0.21,0.481,1.1,5.3,,,,,,,,,,,,,,,77.4,1950,25.2,0.39,0.297,2.4,-1.9
621244,14168,Jose Berrios,R,93.1,2190,23.5,0.24,0.314,-5.60,8.00,92.1,2110,22.9,0.13,0.316,-9.3,4.9,,,,,,,,,,,,,,,82.5,1705,20.7,0.29,0.273,-8.3,1.1,81.2,2334,28.7,0.29,0.298,9.7,-2.4
670950,19309,Trevor Richards,R,90.8,2139,23.6,0.27,0.344,-4.50,9.70,,,,,,,,85.2,2030,23.8,0.18,0.39,0,0,,,,,,,,83.4,2391,28.7,0.29,0.27,-8.9,3.9,,,,,,,
605397,12970,Joe Musgrove,R,92.7,2419,26.1,0.15,0.375,-2.80,6.80,91.5,2278,24.9,0.15,0.396,-5.9,3.2,88.7,2514,28.3,0.18,0.355,2,3.7,83.2,2495,30.0,0.39,0.206,6.6,-0.5,85.3,2001,23.5,0.32,0.278,-3.9,2.5,82.1,2575,31.4,0.40,0.284,4,-6.5
502624,6895,Chase Anderson,R,93.3,2166,23.2,0.23,0.365,-4.70,9.20,,,,,,,,90.6,2382,26.3,0.23,0.244,0.9,6.8,,,,,,,,82.7,2311,27.9,0.31,0.274,-9.8,5.9,77.8,2170,27.9,0.16,0.472,4.3,-8.5
500779,11423,Jose Quintana,L,91.4,2016,22.1,0.21,0.331,2.70,8.70,91.3,1977,21.7,0.13,0.341,7.2,7.5,,,,,,,,,,,,,,,86.5,1287,14.9,0.25,0.394,5.1,4.8,77,2215,28.8,0.27,0.282,-4.7,-5
596001,13619,Jakob Junis,R,91.7,2079,22.7,0.16,0.438,-3.30,7.60,91,1923,21.1,0.09,0.401,-7.4,4.7,,,,,,,,82.4,2522,30.6,0.38,0.203,8.3,-1.7,,,,,,,,79.3,2421,30.5,0.26,0.395,0,0
544931,10131,Stephen Strasburg,R,93.9,2167,23.1,0.24,0.327,-5.60,8.10,93.7,2129,22.7,0.14,0.342,-9.3,5.4,,,,,,,,,,,,,,,87.7,1679,19.1,0.44,0.19,-9,0.9,81.2,2773,34.2,0.39,0.202,7.5,-5.4
592644,15846,Adam Plutko,R,91.1,2265,24.9,0.16,0.363,-2.30,10.00,,,,,,,,,,,,,,,85.9,2460,28.6,0.25,0.308,2.5,3.9,84.1,1630,19.4,0.15,0.37,-4.8,6.3,,,,,,,
543101,13050,Anthony DeSclafani,R,94.7,2249,23.7,0.22,0.328,-5.40,8.80,94.5,2086,22.1,0.12,0.286,-8.5,5.9,,,,,,,,89.4,2315,25.9,0.29,0.303,2.3,3.2,,,,,,,,83.3,2048,24.6,0.39,0.273,2.8,-3.9
668676,19979,Zach Plesac,R,93.9,2133,22.7,0.15,0.348,-5.20,8.90,,,,,,,,,,,,,,,84.9,2028,23.9,0.37,0.276,1.1,1.4,85.8,1543,18.0,0.25,0.298,-6.2,4.8,,,,,,,
518633,3542,Danny Duffy,L,92.3,2242,24.3,0.20,0.345,4.30,9.70,,,,,,,,,,,,,,,84,2310,27.5,0.31,0.314,-1.7,0.2,83.8,2295,27.4,0.32,0.3,8.7,6,,,,,,,
554430,10310,Zack Wheeler,R,96.8,2341,24.2,0.27,0.281,-7.00,7.90,96.5,2256,23.4,0.16,0.347,0,0,,,,,,,,91.2,2386,26.2,0.27,0.275,1.3,3.1,89,1771,19.9,0.23,0.275,-7.2,5.2,80.7,2647,32.8,0.28,0.245,4.7,-7.5
448281,1581,Sean Doolittle,L,93.5,2215,23.7,0.22,0.328,2.20,10.70,,,,,,,,,,,,,,,,,,,,,,,,,,,,,,,,,,,
623352,14212,Josh Hader,L,95.5,2123,22.2,0.41,0.275,5.70,9.60,,,,,,,,,,,,,,,,,,,,,,,,,,,,,,,,,,,
593144,13549,Richard Rodriguez,R,93.2,2506,26.9,0.22,0.326,-7.80,8.20,,,,,,,,,,,,,,,,,,,,,,,,,,,,,,,,,,,
592332,14107,Kevin Gausman,R,93.9,2250,24.0,0.22,0.395,-6.10,8.50,,,,,,,,,,,,,,,,,,,,,,,,,,,,,,,,,,,
450203,4676,Charlie Morton,R,94.7,2259,23.9,0.29,0.299,-7.70,6.50,93.9,2102,22.4,0.13,0.38,-10.6,2.4,85.4,2436,28.5,0.35,0.312,2,2,,,,,,,,,,,,,,,78.6,2886,36.7,0.38,0.186,10.6,-6.6
645261,18684,Sandy Alcantara,R,95.6,2356,24.6,0.16,0.315,-5.20,7.90,95.3,2393,25.1,0.22,0.321,-9.6,4,,,,,,,,86,2477,28.8,0.32,0.317,2.5,-0.3,89.1,1923,21.6,0.30,0.31,-9.1,1.9,82,2481,30.3,0.28,0.231,3.3,-3.9
519144,2717,Rick Porcello,R,91,2434,26.7,0.19,0.334,-5.20,8.20,89.5,2289,25.6,0.10,0.347,-9.6,3.8,,,,,,,,84.3,2555,30.3,0.22,0.336,1.9,1.7,80.8,1600,19.8,0.16,0.394,-8.1,3.5,74.9,2810,37.5,0.29,0.299,8.4,-5.1
571666,7754,Mike Fiers,R,90.4,2322,25.7,0.17,0.324,-4.80,10.10,90.2,2256,25.0,0.11,0.353,-8.5,7.1,,,,,,,,85.8,2481,28.9,0.19,0.332,3.4,2.3,84.1,1933,23.0,0.16,0.308,-8.8,3,74,2781,37.6,0.30,0.18,6.4,-11.7
608566,15038,German Marquez,R,95.7,2225,23.2,0.15,0.355,-4.40,7.20,94.7,2171,22.9,0.09,0.406,-7.6,4.2,,,,,,,,87.4,2371,27.1,0.39,0.388,0.3,1.6,,,,,,,,84.9,2693,31.7,0.44,0.15,1.8,-2.2
605483,13543,Blake Snell,L,95.5,2353,24.6,0.27,0.309,3.70,10.30,,,,,,,,,,,,,,,,,,,,,,86.3,1821,21.1,0.47,0.308,7.7,5.4,81,2464,30.4,0.55,0.266,-3.1,-5.6
622491,15689,Luis Castillo,R,96.4,2170,22.5,0.28,0.382,-7.20,6.10,96.5,2073,21.5,0.13,0.338,-10.3,2.2,,,,,,,,85.9,2330,27.1,0.48,0.285,-0.1,-0.5,87.2,1972,22.6,0.48,0.193,-9.3,0.8,,,,,,,
521230,3548,Liam Hendriks,R,96.5,2381,24.7,0.29,0.282,-3.10,10.20,,,,,,,,,,,,,,,88.5,2156,24.4,0.54,0.152,1.6,2.2,,,,,,,,,,,,,,
592789,11762,Noah Syndergaard,R,97.8,2197,22.5,0.25,0.333,-3.40,8.00,97.5,2106,21.6,0.18,0.353,-8.1,5.1,,,,,,,,89.1,2178,24.4,0.40,0.25,2.3,-0.3,91.1,1689,18.5,0.28,0.239,-8.9,4.1,80.4,2275,28.3,0.46,0.244,7,-2.7
519242,10603,Chris Sale,L,93.4,2383,25.5,0.29,0.299,8.50,6.40,92.2,2293,24.9,0.25,0.362,11.2,2,,,,,,,,79,2492,31.5,0.36,0.266,-7.9,-3.4,85.2,1965,23.1,0.33,0.346,11,-1.1,,,,,,,
621107,13774,Zach Eflin,R,93.8,2186,23.3,0.22,0.326,-5.20,7.20,93.1,2090,22.4,0.14,0.334,-9.3,4.1,,,,,,,,87.1,2247,25.8,0.22,0.3,2.3,3.1,86.7,1787,20.6,0.18,0.362,-8.1,4.1,,,,,,,
452657,4930,Jon Lester,L,90.6,2251,24.8,0.16,0.379,4.40,8.40,89.5,2143,23.9,0.18,0.405,8.1,3.8,87.9,2391,27.2,0.19,0.351,-0.8,5.4,,,,,,,,84.3,1939,23.0,0.23,0.322,7.9,3.4,74.5,2606,35.0,0.40,0.239,-6.3,-3.6
430935,4972,Cole Hamels,L,91.4,2059,22.5,0.23,0.412,4.60,8.50,91.1,2034,22.3,0.13,0.384,7.9,5.5,87.6,1994,22.8,0.19,0.258,0.2,4.5,,,,,,,,83.3,1713,20.6,0.44,0.225,7.7,4.3,78,2040,26.2,0.34,0.299,-3.3,-6.8
592717,11490,Aaron Sanchez,R,93.4,2252,24.1,0.19,0.433,-7.60,7.70,93.8,2241,23.9,0.11,0.368,-9.4,6.1,,,,,,,,,,,,,,,88,1811,20.6,0.23,0.271,-9.8,2.9,78.4,2841,36.2,0.36,0.295,8.5,-8.7
502042,6345,Chris Archer,R,94.1,2264,24.1,0.19,0.339,-4.00,9.70,93.9,2237,23.8,0.11,0.511,-6.4,8.5,,,,,,,,88.7,2613,29.5,0.42,0.305,3.1,0.7,87.7,1642,18.7,0.30,0.3,-6.9,4.1,,,,,,,
608032,14542,Carlos Estevez,R,97.8,2248,23.0,0.31,0.362,-3.50,8.50,,,,,,,,,,,,,,,87.7,2394,27.3,0.31,0.23,3.2,0.1,,,,,,,,,,,,,,
663567,17969,Peter Lambert,R,92.7,2256,24.3,0.10,0.402,-4.60,8.30,,,,,,,,,,,,,,,,,,,,,,85.2,1534,18.0,0.30,0.388,-5.5,3.9,78,2277,29.2,0.09,0.445,2.9,-7.9
502188,3254,Jeff Samardzija,R,91.6,2571,28.1,0.20,0.293,-5.60,8.40,92.2,2480,26.9,0.12,0.341,-9.3,4.8,88.8,2607,29.4,0.16,0.24,-1.1,6.1,84.6,2449,28.9,0.27,0.266,-0.3,3.4,,,,,,,,,,,,,,
628317,18498,Kenta Maeda,R,92.1,2287,24.8,0.21,0.385,-3.70,8.30,,,,,,,,,,,,,,,83.5,2514,30.1,0.41,0.214,2.8,2.9,84.9,1517,17.9,0.36,0.242,-6.8,1.9,,,,,,,
434671,3284,Anibal Sanchez,R,90.2,2238,24.8,0.16,0.335,-2.10,9.50,90.4,2134,23.6,0.12,0.387,-6.8,7.9,87.6,2316,26.4,0.19,0.26,1.8,6.6,,,,,,,,,,,,,,,,,,,,,
543243,12768,Sonny Gray,R,93.3,2527,27.1,0.17,0.413,-1.00,8.30,93.1,2441,26.2,0.27,0.304,-6.7,5.3,,,,,,,,84.7,2868,33.9,0.40,0.172,9.1,-3.1,,,,,,,,81.9,2988,36.5,0.31,0.181,9.3,-7.7
656222,17192,Jalen Beeks,L,92,2005,21.8,0.19,0.401,3.10,9.00,,,,,,,,,,,,,,,,,,,,,,87.2,1837,21.1,0.27,0.309,9.1,3.5,75.1,2586,34.4,0.27,0.31,-6.1,-9.2
601713,15454,Nick Pivetta,R,94.6,2340,24.7,0.23,0.466,-5.50,9.70,,,,,,,,,,,,,,,85.7,2306,26.9,0.32,0.322,2.8,-0.2,,,,,,,,80.5,2861,35.5,0.25,0.263,6.9,-10.1
592879,10836,Asher Wojciechowski,R,91.5,2235,24.4,0.21,0.37,-2.00,9.20,,,,,,,,,,,,,,,85.7,2408,28.1,0.36,0.271,7.8,-1.9,,,,,,,,80.6,2371,29.4,0.29,0.318,0,0
628711,14765,Julio Urias,L,95.1,2511,26.4,0.27,0.261,1.50,9.40,,,,,,,,,,,,,,,84.6,2584,30.5,0.35,0.16,-2.9,0.4,82.2,1855,22.6,0.34,0.28,8,5.7,,,,,,,
623381,17281,Thomas Pannone,L,89.7,2219,24.7,0.25,0.371,7.00,8.50,,,,,,,,,,,,,,,,,,,,,,,,,,,,,73.7,2447,33.2,0.30,0.268,-7.7,-4.8
622694,16933,Elieser Hernandez,R,90.6,2247,24.8,0.21,0.404,-4.10,9.40,,,,,,,,,,,,,,,78.5,2245,28.6,0.37,0.234,6,5.9,,,,,,,,,,,,,,
593334,17149,Domingo German,R,93.4,2440,26.1,0.20,0.346,-5.80,8.30,94,2420,25.7,0.07,0.313,-9.8,4.6,,,,,,,,,,,,,,,87,2414,27.7,0.27,0.313,-10,4.9,81.7,2599,31.8,0.45,0.271,0.8,-3.3
543339,7146,Daniel Hudson,R,96.2,2469,25.7,0.20,0.323,-4.90,8.40,,,,,,,,,,,,,,,86.7,2642,30.5,0.32,0.249,1.3,0.4,,,,,,,,,,,,,,
656794,16943,Sean Newcomb,L,94.3,2240,23.8,0.20,0.344,3.10,9.10,,,,,,,,,,,,,,,,,,,,,,,,,,,,,78.8,2874,36.5,0.43,0.121,-4.8,-11.2
621363,19403,Colin Poche,L,92.9,2291,24.7,0.34,0.276,2.30,11.40,,,,,,,,,,,,,,,,,,,,,,,,,,,,,,,,,,,
571945,9803,Miles Mikolas,R,93.7,2303,24.6,0.23,0.324,-3.30,8.00,93.4,2227,23.8,0.16,0.344,-7.8,6.2,,,,,,,,87,2321,26.7,0.24,0.342,2.2,0.8,,,,,,,,78.3,2588,33.1,0.26,0.252,5.1,-9.5
571710,10430,Mychal Givens,R,95.3,2383,25.0,0.32,0.313,-5.70,6.60,,,,,,,,,,,,,,,,,,,,,,,,,,,,,,,,,,,
547888,15764,Masahiro Tanaka,R,91.5,2143,23.4,0.17,0.417,-5.70,8.50,,,,,,,,,,,,,,,83.3,2391,28.7,0.34,0.248,3.7,-0.3,,,,,,,,,,,,,,
605276,16130,David Hess,R,93,2184,23.5,0.15,0.415,-2.10,9.30,,,,,,,,,,,,,,,83.4,2322,27.8,0.31,0.404,2.8,1.5,,,,,,,,,,,,,,
506433,13074,Yu Darvish,R,94.1,2529,26.9,0.29,0.401,-1.90,9.00,93.4,2280,24.4,0.18,0.365,-7.2,5.3,86.9,2651,30.5,0.31,0.256,2.1,4.2,82.4,2725,33.1,0.39,0.324,5.4,-0.8,,,,,,,,,,,,,,
641154,17085,Pablo Lopez,R,93.6,2069,22.1,0.20,0.323,-5.50,6.50,93.3,2036,21.8,0.15,0.399,-9.3,2.9,,,,,,,,,,,,,,,85.7,1943,22.7,0.30,0.279,-9.9,0.8,79.8,2357,29.5,0.32,0.302,6.4,-2.7
605540,16162,Brandon Woodruff,R,96.3,2257,23.4,0.27,0.257,-5.00,8.30,96,2165,22.6,0.18,0.27,-8.7,6,,,,,,,,88.4,2324,26.3,0.29,0.27,2,0.9,87,1792,20.6,0.30,0.364,-9.2,4.1,,,,,,,
605151,12918,Archie Bradley,R,95.5,2242,23.5,0.22,0.352,-4.60,8.90,,,,,,,,,,,,,,,,,,,,,,,,,,,,,82.1,1978,24.1,0.31,0.207,1.8,-5.6
593140,11903,Michael Feliz,R,95.1,2312,24.3,0.22,0.319,-1.20,9.90,,,,,,,,,,,,,,,81.8,2374,29.0,0.49,0.266,4.7,1.4,,,,,,,,,,,,,,
656546,17432,Jeff Hoffman,R,93.7,2453,26.2,0.16,0.476,-6.60,7.90,,,,,,,,,,,,,,,,,,,,,,,,,,,,,77.1,2625,34.0,0.33,0.207,6.2,-7.8
547943,14444,Hyun-Jin Ryu,L,90.7,2084,23.0,0.20,0.275,6.00,7.30,90.1,2021,22.4,0.14,0.371,9.1,4.6,87,2065,23.7,0.23,0.314,-0.5,3.6,,,,,,,,80,1487,18.6,0.30,0.213,7.5,2.3,72.7,2573,35.4,0.41,0.214,-7.4,-8.6
607536,16256,Kyle Freeland,L,92,2291,24.9,0.12,0.362,3.60,7.40,,,,,,,,,,,,,,,86.7,2235,25.8,0.28,0.344,-1.3,-0.1,86.6,1519,17.5,0.31,0.51,5.8,3.5,,,,,,,
543699,8753,Tanner Roark,R,92.1,2145,23.3,0.24,0.336,-2.70,9.40,91.9,2087,22.7,0.15,0.35,-7.3,7.6,,,,,,,,86.3,2255,26.1,0.21,0.382,1.9,2.6,84.1,1701,20.2,0.28,0.303,-7.3,5.2,75.7,2746,36.3,0.29,0.31,7,-9.4
453178,6986,Ian Kennedy,R,94.4,2439,25.8,0.25,0.263,-5.80,8.80,,,,,,,,,,,,,,,,,,,,,,,,,,,,,,,,,,,
543548,7608,Tommy Milone,L,87.1,2192,25.2,0.11,0.429,4.70,9.70,,,,,,,,,,,,,,,,,,,,,,79.4,1745,22.0,0.30,0.235,8.9,3.6,,,,,,,
641729,15761,Joe Jimenez,R,95.1,2528,26.6,0.29,0.34,-6.30,9.60,,,,,,,,,,,,,,,86.2,2329,27.0,0.40,0.225,3.1,1.6,,,,,,,,,,,,,,
592773,15947,Ryne Stanek,R,97.6,2363,24.2,0.23,0.358,-5.10,9.40,,,,,,,,,,,,,,,89.6,2251,25.1,0.45,0.283,0.2,1.4,,,,,,,,,,,,,,
521655,5257,Wilmer Font,R,94.4,2370,25.1,0.26,0.358,-3.10,9.90,,,,,,,,,,,,,,,84.1,2259,26.9,0.31,0.276,3.6,0.5,,,,,,,,76.4,2492,32.6,0.32,0.307,5.8,-8.2
543507,6398,Trevor May,R,95.5,2347,24.6,0.32,0.229,-3.10,8.70,,,,,,,,,,,,,,,,,,,,,,,,,,,,,,,,,,,
657624,16794,Josh James,R,97.1,2414,24.9,0.29,0.342,-4.70,8.50,,,,,,,,,,,,,,,84.5,2537,30.0,0.56,0.263,7.2,-3,,,,,,,,,,,,,,
641312,19453,Shaun Anderson,R,92.6,2495,26.9,0.17,0.363,0.00,7.70,92.4,2335,25.3,0.09,0.342,-5.7,6.5,,,,,,,,86.3,2649,30.7,0.30,0.338,3.4,0.1,,,,,,,,,,,,,,
465657,6941,Joakim Soria,R,92.6,2302,24.9,0.27,0.325,-2.90,9.10,,,,,,,,,,,,,,,,,,,,,,,,,,,,,,,,,,,
621242,14710,Edwin Diaz,R,97.4,2371,24.3,0.35,0.325,-7.10,7.80,,,,,,,,,,,,,,,89.5,2367,26.4,0.43,0.387,1,2.7,,,,,,,,,,,,,,
608717,13761,Chris Stratton,R,92.2,2498,27.1,0.19,0.358,-3.00,8.30,,,,,,,,,,,,,,,84.5,2922,34.6,0.29,0.328,3.8,-1.4,,,,,,,,,,,,,,
660761,19911,Jose Suarez,L,91.7,2243,24.5,0.17,0.443,4.20,8.20,,,,,,,,,,,,,,,,,,,,,,81.7,1608,19.7,0.32,0.337,4.8,3.8,75.8,2788,36.8,0.27,0.435,-6.8,-4.8
572140,10190,Tyler Skaggs,L,91.3,2193,24.0,0.17,0.334,1.20,9.20,,,,,,,,,,,,,,,,,,,,,,83.8,1699,20.3,0.26,0.297,5.7,5.1,75,2608,34.8,0.27,0.242,-6,-11.3
664199,17611,Taylor Clarke,R,93.7,2316,24.7,0.15,0.425,-3.60,9.20,,,,,,,,,,,,,,,85.3,2227,26.1,0.42,0.313,2.7,0.1,,,,,,,,,,,,,,
450306,8044,Jason Vargas,L,84.2,2234,26.5,0.15,0.373,6.60,8.30,84.2,2203,26.2,0.08,0.384,9.1,5.5,,,,,,,,,,,,,,,78.7,2208,28.1,0.36,0.265,10.1,4.4,70.6,2433,34.5,0.24,0.287,-7,-6.1
621142,14719,Ty Buttrey,R,97.1,2233,23.0,0.26,0.315,-7.00,7.60,,,,,,,,,,,,,,,83.8,1868,22.3,0.31,0.252,1.5,-2.2,,,,,,,,,,,,,,
605154,12777,John Brebbia,R,93.5,2389,25.6,0.27,0.31,-5.00,9.90,,,,,,,,,,,,,,,83.7,2605,31.1,0.32,0.227,4.6,1.4,,,,,,,,,,,,,,
542888,12857,Shawn Armstrong,R,93.4,2521,27.0,0.31,0.332,-3.20,9.20,,,,,,,,89.9,2597,28.9,0.24,0.36,0,0,,,,,,,,,,,,,,,,,,,,,
657141,17585,Jordan Yamamoto,R,91.5,2248,24.6,0.16,0.292,-3.90,9.50,,,,,,,,85.9,2517,29.3,0.29,0.306,1.9,1.9,79,2793,35.4,0.36,0.164,8.3,-4,,,,,,,,,,,,,,
621381,13799,Matt Strahm,L,91.4,2308,25.3,0.21,0.397,8.30,6.80,,,,,,,,,,,,,,,86,2461,28.6,0.28,0.318,-1.4,3.5,84.3,2085,24.7,0.18,0.378,10.4,1.5,80.2,2570,32.0,0.25,0.197,-4.1,-1
605446,14509,Dereck Rodriguez,R,90.7,2051,22.6,0.16,0.427,-1.80,8.60,,,,,,,,86.6,2165,25.0,0.24,0.259,0,0,,,,,,,,84.5,1935,22.9,0.26,0.309,-7.8,5.2,75.7,2587,34.2,0.30,0.193,6.9,-8.4
641941,14771,Emilio Pagan,R,95.5,2483,26.0,0.36,0.243,-2.70,10.00,,,,,,,,87.5,2351,26.9,0.34,0.251,0,0,,,,,,,,,,,,,,,,,,,,,
623433,18337,Nick Anderson,R,96,2326,24.2,0.29,0.335,-3.20,10.70,,,,,,,,,,,,,,,,,,,,,,,,,,,,,83.1,2094,25.2,0.54,0.167,0,0
668678,19291,Zac Gallen,R,92.9,2370,25.5,0.24,0.303,-3.00,9.40,,,,,,,,87,2329,26.8,0.27,0.352,0,0,,,,,,,,85,1499,17.6,0.41,0.208,-6.7,2.2,79.2,2404,30.4,0.33,0.273,5.2,-6.8
657024,16587,Erik Swanson,R,92.7,2274,24.5,0.27,0.364,-4.80,10.20,,,,,,,,,,,,,,,,,,,,,,,,,,,,,,,,,,,
656288,19867,Griffin Canning,R,93.9,2335,24.9,0.23,0.368,-5.00,9.30,,,,,,,,,,,,,,,88.9,2506,28.2,0.45,0.288,1.2,3.1,,,,,,,,82,2425,29.6,0.34,0.232,5.3,-4
605347,14527,Jorge Lopez,R,94.3,1945,20.6,0.13,0.44,-5.20,7.80,93.8,1878,20.0,0.11,0.364,-9,5,,,,,,,,,,,,,,,,,,,,,,81.7,2450,30.0,0.33,0.29,4,-6.8
543045,14457,Adam Conley,L,95.3,2330,24.4,0.22,0.38,7.90,7.40,,,,,,,,,,,,,,,,,,,,,,,,,,,,,,,,,,,
656302,18525,Dylan Cease,R,96.5,2449,25.4,0.22,0.454,-1.10,7.80,,,,,,,,,,,,,,,84.7,2622,31.0,0.34,0.243,3.1,-3.1,,,,,,,,79.5,2622,33.0,0.30,0.329,3.6,-11.1
657571,19349,Caleb Ferguson,L,94.4,2311,24.5,0.22,0.347,5.80,9.00,,,,,,,,,,,,,,,,,,,,,,,,,,,,,,,,,,,
519455,4505,Jordan Zimmermann,R,90.5,2284,25.2,0.13,0.382,-3.90,8.20,90.3,2201,24.4,0.18,0.326,-7.2,3.9,,,,,,,,85.8,2288,26.7,0.23,0.377,2,3.5,,,,,,,,80.2,2372,29.6,0.28,0.356,3.1,-3.7
621295,15594,Nick Wittgren,R,92.3,2189,23.7,0.23,0.282,-4.60,8.90,,,,,,,,,,,,,,,,,,,,,,,,,,,,,,,,,,,
571578,9323,Patrick Corbin,L,91.8,2283,24.9,0.19,0.357,5.00,8.30,91.8,2195,23.9,0.12,0.338,8.5,5.8,,,,,,,,81.7,2398,29.4,0.52,0.202,-2,-1,,,,,,,,,,,,,,
457915,7407,Javy Guerra,R,92.7,2089,22.5,0.14,0.299,-2.50,10.00,,,,,,,,,,,,,,,85.2,2101,24.7,0.26,0.325,2.4,1.3,,,,,,,,,,,,,,
663432,17610,Tanner Rainey,R,97.7,2420,24.8,0.30,0.404,-2.30,9.80,,,,,,,,,,,,,,,87.2,2499,28.7,0.63,0.149,2.6,-2,,,,,,,,,,,,,,
594027,11691,Tayron Guerrero,R,98.9,2178,22.0,0.26,0.367,-5.40,8.30,,,,,,,,,,,,,,,,,,,,,,,,,,,,,,,,,,,
606149,14986,Giovanny Gallegos,R,93.7,2428,25.9,0.23,0.26,-5.90,9.70,,,,,,,,,,,,,,,85.3,2242,26.3,0.50,0.192,0.3,-0.8,,,,,,,,,,,,,,
598264,12863,Matt Barnes,R,96.6,2411,25.0,0.30,0.39,-5.90,9.40,,,,,,,,,,,,,,,,,,,,,,,,,,,,,85.5,2274,26.6,0.41,0.226,2.1,-7.8
641627,15046,Trevor Gott,R,94.7,2156,22.8,0.25,0.255,-4.40,7.50,,,,,,,,,,,,,,,,,,,,,,,,,,,,,,,,,,,
594965,16110,Daniel Ponce de Leon,R,93.3,2335,25.0,0.28,0.28,-6.50,9.10,,,,,,,,,,,,,,,,,,,,,,,,,,,,,,,,,,,
607192,14374,Tyler Glasnow,R,96.9,2279,23.5,0.22,0.264,0.10,8.40,,,,,,,,,,,,,,,,,,,,,,,,,,,,,83.5,2907,34.8,0.44,0.164,3.3,-11.2
606625,14966,Reyes Moronta,R,97.2,2385,24.5,0.19,0.303,-3.00,8.70,,,,,,,,,,,,,,,83.4,2577,30.9,0.45,0.218,7.1,0.1,,,,,,,,,,,,,,
641482,17874,Nestor Cortes Jr.,L,89.6,2191,24.5,0.27,0.387,4.00,9.40,,,,,,,,,,,,,,,82,2320,28.3,0.26,0.352,-2.9,1.7,,,,,,,,,,,,,,
542882,12022,Matt Andriese,R,92.5,2337,25.3,0.24,0.32,-3.90,8.90,,,,,,,,,,,,,,,,,,,,,,86,2223,25.8,0.28,0.281,-2.4,-0.1,,,,,,,
571946,10197,Shelby Miller,R,94.3,2328,24.7,0.20,0.411,-6.20,9.00,,,,,,,,,,,,,,,,,,,,,,,,,,,,,79.4,2325,29.3,0.14,0.317,4.2,-6.8
489446,9073,Kirby Yates,R,93.5,2307,24.7,0.35,0.274,-7.70,8.00,,,,,,,,,,,,,,,,,,,,,,,,,,,,,,,,,,,
547973,10233,Aroldis Chapman,L,98,2486,25.4,0.25,0.3,2.10,10.10,,,,,,,,,,,,,,,85.2,2492,29.2,0.43,0.22,-6.2,-0.1,,,,,,,,,,,,,,
596071,18790,Dillon Peters,L,91,2245,24.7,0.15,0.457,2.50,8.90,,,,,,,,,,,,,,,,,,,,,,84,1606,19.1,0.32,0.309,7.1,4.8,76.7,2909,37.9,0.18,0.317,-5.7,-7.9
518617,5003,Jake Diekman,L,95.8,2212,23.1,0.29,0.307,8.10,6.00,,,,,,,,,,,,,,,85,2813,33.1,0.45,0.289,-3.1,-2.2,,,,,,,,,,,,,,
553878,12076,Felipe Vazquez,L,98.5,2622,26.6,0.24,0.316,5.80,6.70,,,,,,,,,,,,,,,,,,,,,,,,,,,,,,,,,,,
605135,12304,Chris Bassitt,R,93.9,2220,23.6,0.22,0.265,-5.00,7.50,93.2,2146,23.0,0.15,0.302,-8.8,5.6,88.3,2253,25.5,0.25,0.462,1.1,3.7,,,,,,,,85,2057,24.2,0.24,0.219,-9.6,4.8,70.3,2238,31.8,0.34,0.227,8,-9.3
605288,12718,Adrian Houser,R,94.5,2193,23.2,0.30,0.305,-3.70,8.20,94.3,2145,22.7,0.17,0.277,-8.4,4.3,,,,,,,,87.9,2216,25.2,0.33,0.435,2.4,2.4,,,,,,,,80.6,2004,24.9,0.23,0.309,1.9,-9.6
593679,12938,Gabriel Ynoa,R,93.4,2049,21.9,0.15,0.441,-7.10,6.20,93.6,2029,21.7,0.12,0.373,-9.6,4,,,,,,,,84,2280,27.1,0.30,0.276,1.6,-0.3,85.9,2007,23.4,0.29,0.351,-9.8,3.8,,,,,,,
643316,15832,Paul Fry,L,90.7,2404,26.5,0.22,0.38,1.20,5.90,,,,,,,,,,,,,,,83.9,2737,32.6,0.30,0.287,-8.7,-3.2,,,,,,,,,,,,,,
571656,14814,Buck Farmer,R,95,2346,24.7,0.19,0.417,-6.80,8.70,,,,,,,,,,,,,,,82.4,2657,32.2,0.53,0.197,0.9,0.9,88.1,1800,20.4,0.31,0.245,-8.9,0.7,,,,,,,
570663,11801,Hansel Robles,R,97.2,2431,25.0,0.26,0.253,-7.40,8.50,,,,,,,,,,,,,,,89.1,2406,27.0,0.22,0.295,0.4,1.8,89.5,1588,17.7,0.36,0.175,-7.7,2.6,,,,,,,
612672,13071,Wei-Yin Chen,L,91.4,2138,23.4,0.14,0.407,2.10,8.90,,,,,,,,,,,,,,,85.8,2291,26.7,0.25,0.413,-3,3.1,,,,,,,,74.1,2299,31.0,0.30,0.245,-4.4,-8
520980,5420,Pedro Baez,R,95.8,2328,24.3,0.34,0.26,-2.90,9.90,,,,,,,,,,,,,,,,,,,,,,86.2,1999,23.2,0.29,0.236,-5.7,8,,,,,,,
543294,12049,Kyle Hendricks,R,87.2,2044,23.4,0.27,0.225,-3.60,7.80,86.7,1959,22.6,0.16,0.334,-7,5.1,,,,,,,,,,,,,,,78.6,2115,26.9,0.24,0.293,-7.2,5.3,71.5,2782,38.9,0.28,0.215,9,-7.9
596133,16918,Luke Weaver,R,93.8,2308,24.6,0.22,0.3,-4.80,8.80,,,,,,,,,,,,,,,,,,,,,,84.5,1572,18.6,0.35,0.222,-6.4,3.4,,,,,,,
543135,9132,Nathan Eovaldi,R,97.5,2186,22.4,0.28,0.382,-6.30,7.80,,,,,,,,93.2,2345,25.2,0.12,0.433,0.6,4.9,,,,,,,,,,,,,,,80.5,2174,27.0,0.41,0.374,4.4,-5.7
518489,5615,Ryan Brasier,R,96.1,2359,24.5,0.28,0.351,-3.50,9.00,,,,,,,,,,,,,,,85.2,2481,29.1,0.41,0.192,4,-0.7,,,,,,,,,,,,,,
467100,1994,Ivan Nova,R,92.5,2246,24.3,0.11,0.371,-6.70,6.30,92.3,2162,23.4,0.11,0.386,-9.5,3.7,86.7,2143,24.7,0.34,0.318,0,0,,,,,,,,86.2,2000,23.2,0.22,0.321,-9.3,3.5,79.9,2258,28.3,0.32,0.314,1.7,-4.2
600917,14524,Jose Leclerc,R,96.8,2655,27.4,0.28,0.336,-1.70,9.20,,,,,,,,,,,,,,,82,2713,33.1,0.41,0.265,0,0,,,,,,,,,,,,,,
548389,13273,Ross Stripling,R,90.6,2274,25.1,0.18,0.353,-1.70,9.50,,,,,,,,,,,,,,,86.3,2369,27.5,0.20,0.342,2.8,3.1,82.7,1584,19.2,0.34,0.272,-4.9,2.3,79.8,2650,33.2,0.33,0.192,3.2,-8.6
459429,7550,Jake McGee,L,93.4,2212,23.7,0.16,0.42,5.40,8.00,,,,,,,,,,,,,,,,,,,,,,,,,,,,,,,,,,,
676606,20395,Nick Margevicius,L,88.3,2159,24.5,0.17,0.409,1.80,9.40,,,,,,,,,,,,,,,80.2,1960,24.4,0.29,0.371,-1.9,-0.1,,,,,,,,,,,,,,
433589,4020,Yusmeiro Petit,R,89.1,2232,25.1,0.13,0.336,-3.50,9.50,,,,,,,,85.4,2224,26.0,0.36,0.175,-0.5,8.6,,,,,,,,81.5,1887,23.2,0.32,0.22,-5.8,8.4,,,,,,,
456034,3184,David Price,L,91.9,2209,24.0,0.26,0.313,6.00,8.00,91.9,2188,23.8,0.14,0.344,9.4,5.8,88.5,2193,24.8,0.27,0.292,2.2,4.8,,,,,,,,84.1,1800,21.4,0.34,0.349,9.3,2.4,,,,,,,
573185,9460,Dan Straily,R,90.2,2365,26.2,0.19,0.478,-4.30,9.20,,,,,,,,,,,,,,,,,,,,,,84,1669,19.9,0.21,0.33,-6.8,0.9,,,,,,,
606965,12763,Chris Devenski,R,94.7,2369,25.0,0.15,0.398,-6.00,8.20,,,,,,,,,,,,,,,81.6,2298,28.2,0.35,0.241,5.3,-0.6,84,1659,19.8,0.42,0.286,-8.4,1.6,,,,,,,
502043,10123,Kyle Gibson,R,93.4,2211,23.7,0.12,0.429,-3.20,8.80,93.2,2098,22.5,0.12,0.359,-7.9,6.3,,,,,,,,84.1,2469,29.4,0.53,0.229,3.1,-1.4,85.3,1660,19.5,0.39,0.307,-7.7,2.8,80.1,2482,31.0,0.38,0.361,3.8,-5.7
650382,19848,Darwinzon Hernandez,L,95.5,2354,24.6,0.37,0.334,1.70,7.10,,,,,,,,,,,,,,,,,,,,,,,,,,,,,,,,,,,
608648,13758,Tyler Duffey,R,93.9,2305,24.5,0.30,0.252,-3.30,8.40,,,,,,,,,,,,,,,83.6,2550,30.5,0.42,0.227,0,0,,,,,,,,,,,,,,
592390,11632,Heath Hembree,R,93.6,2456,26.2,0.24,0.277,-4.30,9.40,,,,,,,,,,,,,,,,,,,,,,,,,,,,,,,,,,,
448179,4806,Rich Hill,L,90.3,2474,27.4,0.29,0.317,6.20,9.80,,,,,,,,,,,,,,,,,,,,,,,,,,,,,74.5,2919,39.2,0.20,0.269,-10.4,-9.3
656713,20186,Brendan McKay,L,93.7,2231,23.8,0.23,0.349,5.30,9.20,,,,,,,,,,,,,,,,,,,,,,,,,,,,,81.7,2032,24.9,0.25,0.313,-4.6,-5.9
605200,13183,Zach Davies,R,,,,,,,,88.4,2233,25.3,0.09,0.352,-9,6.8,87,2313,26.6,0.09,0.346,-2.4,6.7,,,,,,,,80,1785,22.3,0.29,0.24,-8.5,4,,,,,,,
647336,18383,Mike Soroka,R,,,,,,,,92.3,2175,23.6,0.12,0.322,-8.8,3.9,,,,,,,,83.2,2776,33.4,0.39,0.195,3.5,-2.7,81.2,2178,26.8,0.39,0.217,-7.6,6.4,,,,,,,
573186,13431,Marcus Stroman,R,,,,,,,,92.5,2345,25.4,0.15,0.358,-6.7,2.1,91,2615,28.7,0.25,0.346,0.7,3.3,85.7,2838,33.1,0.35,0.192,6.3,-0.2,,,,,,,,,,,,,,
572971,9434,Dallas Keuchel,L,,,,,,,,88.3,2006,22.7,0.15,0.33,7.3,2.4,86.1,2134,24.8,0.16,0.392,-1.3,3.7,78.4,2229,28.4,0.42,0.333,-4.5,-1.1,79.7,1572,19.7,0.33,0.24,7.8,1.4,,,,,,,
570632,11589,Jose Urena,R,,,,,,,,95.8,2157,22.5,0.14,0.369,-9.4,4.6,,,,,,,,85.8,2315,27.0,0.40,0.385,1.6,2.3,,,,,,,,,,,,,,
642558,17030,Ariel Jurado,R,,,,,,,,92,1770,19.2,0.14,0.376,-9.2,3.7,,,,,,,,85.3,2124,24.9,0.24,0.386,1,0.3,85.3,1946,22.8,0.20,0.301,-8.6,5.1,,,,,,,
570240,13403,Felix Pena,R,,,,,,,,91.5,2099,22.9,0.12,0.362,-9.2,5.5,,,,,,,,82.5,2498,30.3,0.46,0.216,1.1,-0.6,,,,,,,,,,,,,,
527048,6902,Martin Perez,L,,,,,,,,93.9,2051,21.8,0.14,0.351,9.6,5.2,88.5,2307,26.1,0.23,0.272,-1.4,3.4,,,,,,,,85.3,1795,21.0,0.32,0.3,8.6,5.1,,,,,,,
615698,19312,Cal Quantrill,R,,,,,,,,94.3,2060,21.8,0.15,0.292,-7.8,7.1,,,,,,,,86.4,2346,27.2,0.35,0.305,2,0.5,84.6,1429,16.9,0.28,0.332,-4.7,5.7,,,,,,,
468504,2608,Jhoulys Chacin,R,,,,,,,,89.9,2080,23.1,0.13,0.449,-8.7,4.1,,,,,,,,79.8,2354,29.5,0.26,0.292,7.3,1.3,,,,,,,,,,,,,,
606131,14682,Luis Perdomo,R,,,,,,,,94.2,1891,20.1,0.11,0.334,-8.3,5.1,,,,,,,,86.6,2295,26.5,0.32,0.26,0.8,-0.4,,,,,,,,,,,,,,
593423,14309,Frankie Montas,R,,,,,,,,96.4,2359,24.5,0.15,0.358,-9,6.7,,,,,,,,88.4,2509,28.4,0.34,0.201,3,1.7,,,,,,,,,,,,,,
605156,12272,Aaron Brooks,R,,,,,,,,91.8,2013,21.9,0.09,0.344,-9.5,5,,,,,,,,85.6,2467,28.8,0.34,0.281,1,0.6,84.7,1645,19.4,0.23,0.356,-8.2,-0.3,,,,,,,
573124,13449,Taylor Rogers,L,,,,,,,,94.8,2074,21.9,0.15,0.286,9.9,3.7,,,,,,,,82.8,2529,30.5,0.36,0.254,-5.9,1,,,,,,,,,,,,,,
543022,4338,Tyler Chatwood,R,,,,,,,,95.7,2516,26.3,0.15,0.299,-8,7.2,,,,,,,,,,,,,,,,,,,,,,,,,,,,
445926,5448,Jesse Chavez,R,,,,,,,,91.1,2124,23.3,0.09,0.331,-9.9,4.3,88.2,2311,26.2,0.20,0.401,-0.5,6.4,,,,,,,,,,,,,,,,,,,,,
592314,10811,Mike Foltynewicz,R,,,,,,,,95,2184,23.0,0.12,0.325,-8.9,5.4,,,,,,,,85.4,2443,28.6,0.34,0.32,2,1.8,,,,,,,,,,,,,,
664285,17295,Framber Valdez,L,,,,,,,,92.6,2176,23.5,0.16,0.378,7.1,2.1,,,,,,,,,,,,,,,,,,,,,,79.4,2960,37.3,0.47,0.212,-7.7,-9.6
502748,5401,Brad Peacock,R,,,,,,,,91.8,2230,24.3,0.07,0.318,-10.7,4,,,,,,,,81.3,2751,33.8,0.37,0.267,7.8,3.2,,,,,,,,,,,,,,
493603,1247,Adam Ottavino,R,,,,,,,,93.9,2388,25.4,0.21,0.286,-8.6,3.7,,,,,,,,81.8,2877,35.2,0.35,0.239,10.7,-0.2,,,,,,,,,,,,,,
642231,15157,Jimmy Yacabonis,R,,,,,,,,93.7,2272,24.2,0.19,0.45,-10.7,6.1,,,,,,,,82.7,2565,31.0,0.27,0.294,3.8,-2.5,,,,,,,,,,,,,,
453281,5221,Wade LeBlanc,L,,,,,,,,86.1,1888,21.9,0.13,0.415,8.7,5.7,84.1,2005,23.8,0.17,0.358,0.3,5.4,,,,,,,,78.6,1544,19.6,0.30,0.291,8.2,3,72.5,2272,31.3,0.34,0.545,-7.2,-5.2
572888,10756,Shane Greene,R,,,,,,,,92.6,2173,23.5,0.15,0.22,-8.9,4.8,87.7,2474,28.2,0.30,0.237,3.3,3.8,80.2,2593,32.3,0.41,0.352,9.2,0.7,,,,,,,,,,,,,,
641835,15042,Tim Mayza,L,,,,,,,,94.3,2144,22.7,0.29,0.239,9.3,5.6,,,,,,,,87.8,2186,24.9,0.42,0.299,0,1.6,,,,,,,,,,,,,,
453385,3551,Clayton Richard,L,,,,,,,,90.2,2185,24.2,0.09,0.358,10.4,0.3,,,,,,,,,,,,,,,,,,,,,,,,,,,,
407845,494,Fernando Rodney,R,,,,,,,,93.6,2039,21.8,0.17,0.413,-7.6,6.7,,,,,,,,,,,,,,,83,1752,21.1,0.44,0.214,-8.5,3.6,,,,,,,
434538,3201,Francisco Liriano,L,,,,,,,,93,2047,22.0,0.10,0.392,7.9,6,,,,,,,,87,2289,26.3,0.42,0.209,-0.9,3,87,1684,19.4,0.44,0.278,8.4,3.6,,,,,,,
607352,13194,Joe Biagini,R,,,,,,,,94.1,2156,22.9,0.17,0.43,-6.5,8.2,87.8,2243,25.5,0.42,0.254,2.1,1.8,,,,,,,,,,,,,,,,,,,,,
448855,5702,Junior Guerra,R,,,,,,,,94.8,2353,24.8,0.14,0.321,-8.1,7.4,,,,,,,,,,,,,,,,,,,,,,82.1,2651,32.3,0.45,0.312,4.2,-5.3
501625,5358,Jose Alvarez,L,,,,,,,,91.4,2347,25.7,0.17,0.267,9.8,5.9,,,,,,,,,,,,,,,82,1921,23.4,0.34,0.27,9,2,,,,,,,
572403,13424,Drew VerHagen,R,,,,,,,,92.9,2239,24.1,0.09,0.383,-7.1,4.7,,,,,,,,84.8,2279,26.9,0.38,0.395,5.1,-0.6,,,,,,,,,,,,,,
592229,14825,Dylan Covey,R,,,,,,,,94.5,2070,21.9,0.11,0.421,-6.7,7.1,90.9,2162,23.8,0.13,0.381,1.7,5,,,,,,,,,,,,,,,,,,,,,
461829,7448,Gio Gonzalez,L,,,,,,,,88.9,2145,24.1,0.12,0.441,8.8,5.9,,,,,,,,,,,,,,,82.3,1623,19.7,0.36,0.207,7.5,3.3,75.3,2688,35.7,0.31,0.2,-6.4,-10.5
607231,13684,John Gant,R,,,,,,,,95.8,2466,25.7,0.16,0.313,-8.8,6.8,,,,,,,,,,,,,,,83.1,1509,18.2,0.45,0.339,-6.9,3.1,,,,,,,
542914,7982,Anthony Bass,R,,,,,,,,95.3,2047,21.5,0.18,0.276,-7.8,6.9,,,,,,,,87.3,2294,26.3,0.37,0.237,3.2,-0.1,,,,,,,,,,,,,,
552640,12828,Andrew Kittredge,R,,,,,,,,94.8,2290,24.2,0.16,0.357,-10.1,5.3,,,,,,,,88.3,2744,31.1,0.46,0.271,4.2,0.1,,,,,,,,,,,,,,
622446,17018,Jefry Rodriguez,R,,,,,,,,93.4,2246,24.0,0.09,0.367,-8.8,6.4,,,,,,,,,,,,,,,,,,,,,,,,,,,,
607237,14375,Amir Garrett,L,,,,,,,,95.1,2065,21.7,0.10,0.535,8.6,5.1,,,,,,,,85.8,1832,21.4,0.54,0.212,-0.3,1.5,,,,,,,,,,,,,,
622072,13781,Alex Wood,L,,,,,,,,89.9,2108,23.4,0.26,0.354,7.7,6.9,,,,,,,,,,,,,,,,,,,,,,,,,,,,
502026,9490,Jeremy Jeffress,R,,,,,,,,93.7,2017,21.5,0.10,0.35,-9.5,4.4,,,,,,,,,,,,,,,,,,,,,,81,2385,29.4,0.34,0.271,5.4,-3.9
545064,12774,Jairo Diaz,R,,,,,,,,96.8,2142,22.1,0.16,0.434,-7.3,5,,,,,,,,88.2,2413,27.4,0.47,0.236,0.8,-0.6,,,,,,,,,,,,,,
607625,12447,Seth Lugo,R,,,,,,,,94,2238,23.8,0.20,0.225,-9,6.3,,,,,,,,,,,,,,,,,,,,,,79.6,3285,41.3,0.28,0.219,7.4,-10.7
472610,6984,Luis Garcia,R,,,,,,,,96.8,2071,21.4,0.21,0.476,-9.7,4.4,,,,,,,,85.2,2315,27.2,0.42,0.25,4.1,-0.5,,,,,,,,,,,,,,
573046,13442,Mike Morin,R,,,,,,,,91.1,1999,21.9,0.18,0.38,-8.5,5.8,,,,,,,,,,,,,,,72.6,1461,20.1,0.27,0.18,-2.1,6.8,,,,,,,
643778,14974,Tyler Webb,L,,,,,,,,89.8,2144,23.9,0.15,0.241,5.7,8.2,,,,,,,,,,,,,,,,,,,,,,,,,,,,
656685,17369,Brett Martin,L,,,,,,,,93.6,2272,24.3,0.17,0.403,6.6,5.1,,,,,,,,85.1,2276,26.7,0.34,0.236,-1.7,-0.4,,,,,,,,,,,,,,
592779,16727,Brock Stewart,R,,,,,,,,91.5,2411,26.3,0.14,0.457,0,0,,,,,,,,,,,,,,,,,,,,,,,,,,,,
659275,17186,Dinelson Lamet,R,,,,,,,,96.3,2380,24.7,0.14,0.423,-7.3,7.5,,,,,,,,,,,,,,,,,,,,,,85.5,2710,31.7,0.48,0.195,0,0
624133,17277,Ranger Suarez,L,,,,,,,,91.9,1955,21.3,0.14,0.286,8.9,3.5,,,,,,,,,,,,,,,84.9,1616,19.0,0.33,0.325,8.4,2.7,,,,,,,
456051,3292,Hector Noesi,R,,,,,,,,93,2125,22.8,0.23,0.373,-8.5,4.5,,,,,,,,,,,,,,,,,,,,,,,,,,,,
605498,18300,Andrew Suarez,L,,,,,,,,92.8,1984,21.4,0.12,0.359,7.8,6.2,,,,,,,,,,,,,,,,,,,,,,,,,,,,
475054,9866,Chaz Roe,R,,,,,,,,92.1,2434,26.4,0.10,0.473,-7.5,3,,,,,,,,81.1,2953,36.4,0.30,0.259,13.1,-2.7,,,,,,,,,,,,,,
621097,18318,Jacob Waguespack,R,,,,,,,,90.2,1983,22.0,0.18,0.387,-6.1,8.5,89.2,1984,22.2,0.16,0.354,1.7,4.7,,,,,,,,,,,,,,,,,,,,,
641302,17735,Tyler Alexander,L,,,,,,,,90.7,2227,24.6,0.14,0.305,8.6,5.9,,,,,,,,,,,,,,,,,,,,,,,,,,,,
596043,16980,Daniel Mengden,R,,,,,,,,90.4,2086,23.1,0.13,0.212,-6.8,7.6,,,,,,,,,,,,,,,,,,,,,,,,,,,,
641541,19546,Jon Duplantier,R,,,,,,,,92,2129,23.1,0.11,0.424,-9,5.7,,,,,,,,,,,,,,,,,,,,,,,,,,,,
547179,14843,Michael Lorenzen,R,,,,,,,,96.4,2372,24.6,0.15,0.354,-8.5,6.4,93.8,2596,27.7,0.24,0.273,-0.7,5.3,,,,,,,,87.4,2150,24.6,0.45,0.168,-8.7,4.8,,,,,,,
572362,10354,Robbie Erlin,L,,,,,,,,90.5,2242,24.8,0.16,0.337,8.3,6.8,,,,,,,,,,,,,,,,,,,,,,76.2,2598,34.1,0.28,0.176,-2.8,-10.7
523260,9761,Joe Kelly,R,,,,,,,,98.3,2121,21.6,0.20,0.433,-8.5,5.1,,,,,,,,,,,,,,,,,,,,,,87.2,3103,35.6,0.40,0.16,6.1,-7.8
461325,5640,Tyler Clippard,R,,,,,,,,89.9,2253,25.1,0.21,0.423,-7.3,8,,,,,,,,,,,,,,,78.4,2042,26.0,0.23,0.255,-7.1,8.2,,,,,,,
489119,8779,Wade Miley,L,,,,,,,,,,,,,,,87.3,2258,25.9,0.18,0.342,-1.3,3.9,,,,,,,,81.2,1869,23.0,0.38,0.242,8.6,5.1,75.6,2428,32.1,0.30,0.343,-4.1,-8
543766,8110,Bryan Shaw,R,,,,,,,,,,,,,,,92.5,2396,25.9,0.19,0.336,2.3,3.7,,,,,,,,,,,,,,,,,,,,,
593833,15855,Wander Suero,R,,,,,,,,,,,,,,,92.9,2554,27.5,0.29,0.312,2,6.3,,,,,,,,87.5,2101,24.0,0.31,0.161,-5.9,2.9,,,,,,,
445276,3096,Kenley Jansen,R,,,,,,,,,,,,,,,91.7,2556,27.9,0.31,0.305,4.4,8,,,,,,,,,,,,,,,,,,,,,
502190,10130,Mike Leake,R,,,,,,,,88.3,2022,22.9,0.07,0.522,-6.2,1.9,86.7,2232,25.7,0.16,0.326,1,2.7,80.3,2506,31.2,0.38,0.303,6.1,-1.4,84,1719,20.5,0.17,0.326,-6.9,-1.6,79.3,2572,32.4,0.27,0.232,7,-2.3
642232,16502,Ryan Yarbrough,L,,,,,,,,88.1,1987,22.6,0.16,0.414,0,0,84.1,2176,25.9,0.15,0.272,-1,3.6,,,,,,,,79.5,2123,26.7,0.32,0.225,10.1,2.7,72.8,2405,33.0,0.37,0.157,0,0
282332,404,CC Sabathia,L,,,,,,,,89.2,2051,23.0,0.14,0.408,7.8,4.3,88.3,2194,24.8,0.23,0.384,0.1,5.5,79.2,2208,27.9,0.29,0.332,-6.2,-0.1,82.7,1885,22.8,0.35,0.306,5.2,3.9,,,,,,,
592612,11528,Josh Osich,L,,,,,,,,,,,,,,,89.3,2269,25.4,0.27,0.313,-1.2,3.1,,,,,,,,,,,,,,,,,,,,,
517008,6661,Alex Colome,R,,,,,,,,,,,,,,,90.4,2149,23.8,0.31,0.221,0.6,3.9,,,,,,,,,,,,,,,,,,,,,
594835,15467,Marco Gonzales,L,,,,,,,,88.9,2253,25.3,0.15,0.335,7.8,7.7,85.2,2245,26.3,0.16,0.285,0.4,4.9,,,,,,,,81.2,2171,26.7,0.22,0.293,9.8,4.6,76.3,2346,30.7,0.19,0.352,-4.5,-7.9
453343,4264,Mark Melancon,R,,,,,,,,,,,,,,,91.8,2349,25.6,0.19,0.339,0.6,5.5,,,,,,,,,,,,,,,82.1,2702,32.9,0.39,0.191,2.3,-9.7
425794,2233,Adam Wainwright,R,,,,,,,,90,2171,24.1,0.09,0.39,-7.5,4.9,84.9,2341,27.6,0.22,0.374,3.2,2.6,,,,,,,,,,,,,,,74.9,2752,36.7,0.25,0.284,10.6,-8.3
605240,16159,Jace Fry,L,,,,,,,,,,,,,,,88.2,2609,29.6,0.44,0.285,0,0,,,,,,,,,,,,,,,,,,,,,
501789,3192,Will Harris,R,,,,,,,,,,,,,,,91.2,2528,27.7,0.25,0.293,2.3,5.6,,,,,,,,,,,,,,,81.3,2775,34.1,0.37,0.166,6.8,-9.4
458708,9388,Josh Tomlin,R,,,,,,,,,,,,,,,86.9,2608,30.0,0.19,0.281,1.4,5.3,,,,,,,,,,,,,,,,,,,,,
605155,12997,Colten Brewer,R,,,,,,,,,,,,,,,93.2,2374,25.5,0.17,0.402,1.7,3.6,,,,,,,,,,,,,,,81.9,2825,34.5,0.37,0.306,6.5,-10
598286,12575,Nick Ramirez,L,,,,,,,,,,,,,,,86.7,2178,25.1,0.26,0.33,0.8,4.5,,,,,,,,79.1,1471,18.6,0.43,0.285,7.4,4,,,,,,,
594986,11753,Kyle Ryan,L,,,,,,,,89.2,1982,22.2,0.15,0.268,5.9,2.2,87.3,2187,25.1,0.28,0.252,-1.5,2.6,,,,,,,,,,,,,,,,,,,,,
429719,1841,Edwin Jackson,R,,,,,,,,,,,,,,,91.6,2339,25.5,0.23,0.521,0.1,4.6,85.7,2299,26.8,0.38,0.373,1.8,0.1,,,,,,,,,,,,,,
664192,19320,Joey Lucchesi,L,,,,,,,,90.1,2215,24.6,0.18,0.324,7.1,7,90.5,2232,24.7,0.18,0.365,1.9,6.9,,,,,,,,78.9,2091,26.5,0.39,0.242,-0.6,-0.8,,,,,,,
606930,12323,Jacob Barnes,R,,,,,,,,,,,,,,,88.3,2369,26.8,0.31,0.311,0,0,,,,,,,,,,,,,,,,,,,,,
519393,8004,Marcus Walden,R,,,,,,,,94,2100,22.3,0.19,0.33,-6.6,2.9,91.7,2279,24.9,0.20,0.247,1.3,3,85.6,2381,27.8,0.44,0.252,6.1,-1.7,,,,,,,,,,,,,,
592346,14663,Chi Chi Gonzalez,R,,,,,,,,,,,,,,,86.9,2535,29.2,0.21,0.31,0,0,,,,,,,,,,,,,,,,,,,,,
642152,15043,Lou Trivino,R,,,,,,,,,,,,,,,92.1,2434,26.4,0.42,0.333,0.6,3.8,,,,,,,,,,,,,,,,,,,,,
502239,6249,Trevor Cahill,R,,,,,,,,91.7,2207,24.1,0.13,0.434,-9.1,3.8,85.8,2154,25.1,0.36,0.292,-2.4,3.6,,,,,,,,83.4,1566,18.8,0.26,0.35,-7.7,-0.1,79.4,2950,37.2,0.22,0.282,6.7,-7.5
622065,18333,Alex Young,L,,,,,,,,89,2208,24.8,0.19,0.346,10,4.3,84.9,2347,27.6,0.26,0.392,-0.8,3.9,,,,,,,,84.5,1794,21.2,0.32,0.281,8.4,0.9,81.5,2379,29.2,0.42,0.116,-1.2,-2.9
451584,7441,Wade Davis,R,,,,,,,,,,,,,,,88.9,2722,30.6,0.31,0.344,2.6,3,,,,,,,,,,,,,,,,,,,,,
663465,18694,Kolby Allard,L,,,,,,,,,,,,,,,87.7,2151,24.5,0.20,0.323,-1.7,2.7,,,,,,,,,,,,,,,,,,,,,
453329,3543,Clay Buchholz,R,,,,,,,,,,,,,,,84.4,2273,26.9,0.24,0.397,1.5,3.7,,,,,,,,,,,,,,,,,,,,,
458677,4301,Justin Wilson,L,,,,,,,,,,,,,,,90.1,2459,27.3,0.23,0.229,-2.8,4.5,,,,,,,,,,,,,,,,,,,,,
543557,4869,Mike Montgomery,L,,,,,,,,92.3,1888,20.5,0.12,0.447,7.8,5.6,87.7,2050,23.4,0.25,0.336,-1.1,3.3,,,,,,,,84.3,1787,21.2,0.27,0.273,8.5,3.5,77.7,2281,29.4,0.34,0.403,-3.7,-5.5
621345,18655,A.J. Minter,L,,,,,,,,,,,,,,,91.5,2437,26.6,0.34,0.328,0,0,,,,,,,,,,,,,,,,,,,,,
650644,19479,Aaron Civale,R,,,,,,,,92.6,2268,24.5,0.10,0.252,-8,5.7,87.9,2624,29.9,0.22,0.329,3,4.4,,,,,,,,,,,,,,,,,,,,,
661403,21032,Emmanuel Clase,R,,,,,,,,,,,,,,,99.2,2566,25.9,0.26,0.312,0,0,,,,,,,,,,,,,,,,,,,,,
643327,14862,Zack Godley,R,,,,,,,,89.9,2202,24.5,0.12,0.43,-7.9,2.4,88.5,2238,25.3,0.23,0.318,-0.6,3.7,,,,,,,,,,,,,,,81.8,2123,26.0,0.34,0.308,1.4,-4.5
456696,4259,David Hernandez,R,,,,,,,,,,,,,,,85.9,2400,27.9,0.43,0.283,1.3,2.2,,,,,,,,,,,,,,,,,,,,,
543883,7555,Nick Vincent,R,,,,,,,,,,,,,,,86.9,2417,27.8,0.25,0.419,1.3,5.8,,,,,,,,,,,,,,,,,,,,,
519443,11428,Brandon Workman,R,,,,,,,,,,,,,,,87,2196,25.2,0.42,0.226,2.6,1.2,,,,,,,,,,,,,,,80.6,2608,32.4,0.30,0.213,3.8,-10.5
608678,13763,Dominic Leone,R,,,,,,,,,,,,,,,89.7,2485,27.7,0.37,0.231,2.2,2.8,,,,,,,,,,,,,,,,,,,,,
607200,17425,Erick Fedde,R,,,,,,,,92.3,1809,19.6,0.07,0.389,-4.5,4.5,87.2,2074,23.8,0.23,0.249,2.4,1.6,,,,,,,,,,,,,,,79.2,2355,29.7,0.33,0.319,7.2,-4.9
473879,11710,Sam Dyson,R,,,,,,,,93.8,2251,24.0,0.12,0.347,-9.4,1.3,91.1,2588,28.4,0.25,0.192,0.9,3.7,,,,,,,,,,,,,,,,,,,,,
475115,7872,Tyson Ross,R,,,,,,,,,,,,,,,89.1,2473,27.8,0.17,0.408,0.9,2.6,,,,,,,,,,,,,,,,,,,,,
594987,11209,Casey Sadler,R,,,,,,,,93.4,2341,25.1,0.17,0.365,-8.9,3.9,90.2,2600,28.8,0.18,0.298,1.5,3.3,,,,,,,,,,,,,,,,,,,,,
607481,16258,Aaron Bummer,L,,,,,,,,95.6,2033,21.3,0.16,0.246,7,1.4,,,,,,,,,,,,,,,,,,,,,,,,,,,,
641712,19206,Dakota Hudson,R,,,,,,,,93.5,2134,22.8,0.13,0.363,-7.3,3.7,,,,,,,,87.4,2430,27.8,0.42,0.282,5.2,-2.5,,,,,,,,81.9,2196,26.8,0.40,0.348,0,0
571927,13361,Steven Matz,L,,,,,,,,93.3,2102,22.5,0.21,0.336,9.3,5.7,,,,,,,,89.5,2069,23.1,0.20,0.341,1.9,2.4,84.3,2301,27.3,0.27,0.34,9.8,0.8,78.6,2447,31.1,0.27,0.283,-6.9,-5.6
453562,4153,Jake Arrieta,R,,,,,,,,92.5,2196,23.7,0.11,0.37,-9.2,4.7,,,,,,,,89.7,2363,26.3,0.22,0.415,1.8,4.3,87.5,1730,19.8,0.31,0.265,-9.5,-0.3,80.6,2766,34.3,0.20,0.239,7.8,-6.9
474463,8223,Brett Anderson,L,,,,,,,,90.7,1799,19.8,0.13,0.335,8.6,4,,,,,,,,81.9,2384,29.1,0.23,0.307,-2.4,-5.3,82.6,1481,17.9,0.26,0.266,8,3.2,,,,,,,
592716,13339,Adrian Sampson,R,,,,,,,,92.5,2016,21.8,0.12,0.452,-5.2,7.8,,,,,,,,83.9,2595,30.9,0.35,0.293,2.1,-1.6,87.4,1856,21.2,0.22,0.35,-9.1,3.6,,,,,,,
630023,16401,Yonny Chirinos,R,,,,,,,,93.9,2278,24.3,0.13,0.337,-9.8,5.7,,,,,,,,87.5,2335,26.7,0.26,0.302,2.2,2.7,,,,,,,,,,,,,,
571760,15423,Andrew Heaney,L,,,,,,,,92.5,2524,27.3,0.28,0.335,8.2,8.4,,,,,,,,,,,,,,,84.7,1988,23.5,0.28,0.352,9.9,3.8,79.4,2545,32.1,0.41,0.302,-3.8,-3.3
502706,4141,Derek Holland,L,,,,,,,,92.3,2386,25.9,0.19,0.364,9.5,6.4,,,,,,,,81.1,2243,27.7,0.42,0.324,0.5,1.6,,,,,,,,,,,,,,
489334,7274,Craig Stammen,R,,,,,,,,92.8,2170,23.4,0.16,0.289,-8.1,5.5,,,,,,,,,,,,,,,,,,,,,,,,,,,,
453172,9325,Jared Hughes,R,,,,,,,,91.1,1869,20.5,0.19,0.312,-9.1,-1.1,,,,,,,,,,,,,,,,,,,,,,,,,,,,
502154,3240,Zack Britton,L,,,,,,,,94.7,1999,21.1,0.23,0.278,7.3,3.6,,,,,,,,,,,,,,,,,,,,,,,,,,,,
642397,19677,Gregory Soto,L,,,,,,,,95.3,2345,24.6,0.15,0.369,8.4,5.5,,,,,,,,84.9,2326,27.4,0.36,0.377,-2.1,1,,,,,,,,,,,,,,
642607,15821,Dario Agrazal,R,,,,,,,,91.1,2233,24.5,0.09,0.354,-8.9,5.2,,,,,,,,83,2247,27.1,0.32,0.402,0.8,-0.5,,,,,,,,,,,,,,
519008,3237,T.J. McFarland,L,,,,,,,,89.4,1915,21.4,0.16,0.368,9.8,-0.7,,,,,,,,,,,,,,,,,,,,,,,,,,,,
543208,12778,Sam Gaviglio,R,,,,,,,,89.2,2092,23.5,0.13,0.378,-8,3.8,,,,,,,,84.3,2140,25.4,0.38,0.254,0.5,1.6,,,,,,,,,,,,,,
612434,15684,Miguel Castro,R,,,,,,,,97.3,2287,23.5,0.16,0.429,0,0,,,,,,,,86.1,3029,35.2,0.38,0.186,4.4,-0.9,90.6,2199,24.3,0.40,0.207,-10.7,2,,,,,,,
445213,9939,Brandon Kintzler,R,,,,,,,,92.6,2018,21.8,0.12,0.273,-9,4.7,,,,,,,,,,,,,,,,,,,,,,,,,,,,
592473,10843,Adam Kolarek,L,,,,,,,,88.9,2151,24.2,0.22,0.294,10.8,-3.1,,,,,,,,,,,,,,,,,,,,,,,,,,,,
607229,13696,Robert Gsellman,R,,,,,,,,95.3,2208,23.2,0.15,0.383,-9.4,6,,,,,,,,90.5,2429,26.8,0.37,0.246,-0.6,2.3,,,,,,,,,,,,,,
544727,5114,Jeurys Familia,R,,,,,,,,95.9,2180,22.7,0.19,0.402,-9.8,3.1,,,,,,,,88.1,2245,25.5,0.44,0.233,0.2,2.1,,,,,,,,,,,,,,
622505,15028,Victor Alcantara,R,,,,,,,,93.4,2085,22.3,0.20,0.382,-10.3,2.3,,,,,,,,,,,,,,,,,,,,,,,,,,,,
641838,15240,Kevin McCarthy,R,,,,,,,,91.1,1985,21.8,0.19,0.378,-8.1,2.4,,,,,,,,,,,,,,,83.9,1813,21.6,0.25,0.269,-8.7,2,,,,,,,
650895,17496,Diego Castillo,R,,,,,,,,98.2,2123,21.6,0.20,0.352,-9.4,4.6,,,,,,,,88.7,2348,26.5,0.44,0.254,3.1,0.3,,,,,,,,,,,,,,
542947,7803,Richard Bleier,L,,,,,,,,89,1943,21.8,0.13,0.304,7.9,1.7,,,,,,,,,,,,,,,,,,,,,,,,,,,,
518553,6483,Steve Cishek,R,,,,,,,,90.5,2372,26.2,0.15,0.348,-9.6,1.5,,,,,,,,78.9,2282,28.9,0.29,0.277,6.3,-1.5,,,,,,,,,,,,,,
458006,4300,Matt Albers,R,,,,,,,,92.7,2036,22.0,0.20,0.304,-10,3.2,,,,,,,,83.4,2405,28.8,0.31,0.299,3.3,-0.3,,,,,,,,,,,,,,
621237,17780,Jose Alvarado,L,,,,,,,,98.1,2180,22.2,0.25,0.348,7.2,7,,,,,,,,,,,,,,,,,,,,,,,,,,,,
605280,13649,Clay Holmes,R,,,,,,,,94.3,2013,21.3,0.18,0.356,-8.2,1.6,,,,,,,,,,,,,,,,,,,,,,81.6,2684,32.9,0.43,0.254,5.7,-7.9
595014,12572,Blake Treinen,R,,,,,,,,96.5,2250,23.3,0.25,0.359,-10.6,2.6,,,,,,,,,,,,,,,,,,,,,,,,,,,,
594840,11449,Matt Grace,r,,,,,,,,91.2,1818,19.9,0.10,0.429,8.3,3.7,,,,,,,,83.4,2001,24.0,0.40,0.29,-2.3,0.6,,,,,,,,,,,,,,
605452,12972,Joe Ross,R,,,,,,,,94,2092,22.3,0.15,0.35,-8.2,5.5,,,,,,,,88,1933,22.0,0.31,0.321,1.3,2.6,,,,,,,,,,,,,,
592222,12890,Alex Claudio,L,,,,,,,,85.6,1984,23.2,0.17,0.357,10.1,-3.3,,,,,,,,,,,,,,,73.3,2177,29.7,0.32,0.324,11.5,-1.5,,,,,,,
453265,3132,Tony Watson,L,,,,,,,,93,2328,25.0,0.17,0.32,10.1,3.7,,,,,,,,,,,,,,,86.1,2380,27.6,0.36,0.285,11.7,2.9,,,,,,,
643256,15288,Adam Cimber,R,,,,,,,,84.9,2133,25.1,0.14,0.316,-8.2,-4.3,,,,,,,,75.4,2153,28.6,0.29,0.245,3.1,0.6,,,,,,,,,,,,,,
433587,4772,Felix Hernandez,R,,,,,,,,89.4,2060,23.0,0.12,0.463,-7.9,4.3,,,,,,,,,,,,,,,,,,,,,,79.3,2441,30.8,0.27,0.299,5.7,-5.8
605488,17677,Jeffrey Springs,L,,,,,,,,92.1,2205,23.9,0.25,0.371,9.3,5.6,,,,,,,,,,,,,,,80.3,1489,18.5,0.41,0.347,5.4,5.8,,,,,,,
592165,13527,Brandon Brennan,R,,,,,,,,94.7,2229,23.5,0.12,0.315,0,0,,,,,,,,,,,,,,,84.6,1670,19.7,0.55,0.212,-9.1,2.4,,,,,,,
571670,13394,Dylan Floro,R,,,,,,,,93.7,2233,23.8,0.25,0.28,-8.9,5.3,,,,,,,,87.9,2156,24.5,0.34,0.213,1.1,2.9,,,,,,,,,,,,,,
543901,10160,Ryan Weber,R,,,,,,,,89.4,2092,23.4,0.09,0.373,-10.8,0,,,,,,,,,,,,,,,,,,,,,,,,,,,,
518715,7947,Cory Gearrin,R,,,,,,,,91.3,2276,24.9,0.12,0.37,-11.1,0.7,,,,,,,,85.2,2826,33.2,0.27,0.311,2.1,2,,,,,,,,,,,,,,
622786,16300,Jesus Tinoco,R,,,,,,,,93.7,2224,23.7,0.18,0.467,-8.3,3.9,,,,,,,,,,,,,,,,,,,,,,,,,,,,
641853,19814,David McKay,R,,,,,,,,93.8,2383,25.4,0.22,0.371,0,0,,,,,,,,,,,,,,,,,,,,,,,,,,,,
621389,14361,Ty Blach,L,,,,,,,,90.2,2136,23.7,0.11,0.532,0,0,,,,,,,,,,,,,,,,,,,,,,,,,,,,
592233,16058,Stefan Crichton,R,,,,,,,,93,2047,22.0,0.16,0.306,-9.5,3.6,,,,,,,,,,,,,,,,,,,,,,,,,,,,
669160,19716,Dustin May,R,,,,,,,,96,2412,25.1,0.13,0.29,-9.4,4.7,,,,,,,,,,,,,,,,,,,,,,,,,,,,
605177,12988,Andrew Chafin,L,,,,,,,,93.8,2178,23.2,0.17,0.341,8.6,6.3,,,,,,,,84.4,2361,28.0,0.54,0.204,-0.1,-0.6,,,,,,,,,,,,,,
657612,16814,Tim Hill,L,,,,,,,,89.9,2087,23.2,0.07,0.372,8.5,-3.4,,,,,,,,,,,,,,,,,,,,,,,,,,,,
476451,4371,Jeremy Hellickson,R,,,,,,,,88.7,2118,23.9,0.08,0.386,-8.8,5.8,,,,,,,,,,,,,,,,,,,,,,,,,,,,
596035,19311,Reggie McClain,R,,,,,,,,93.7,2170,23.2,0.11,0.336,-10.2,2.6,,,,,,,,,,,,,,,,,,,,,,,,,,,,
622772,15690,Jimmy Cordero,R,,,,,,,,97.4,2128,21.8,0.26,0.301,-8.3,5.2,,,,,,,,,,,,,,,,,,,,,,,,,,,,
584171,19341,Hector Velazquez,R,,,,,,,,91.1,2052,22.5,0.11,0.44,-8.5,5.7,,,,,,,,,,,,,,,85.9,1480,17.2,0.23,0.337,0,0,,,,,,,
663855,19618,Jordan Hicks,R,,,,,,,,101.1,2031,20.1,0.11,0.255,-9.1,5.2,,,,,,,,,,,,,,,,,,,,,,,,,,,,
518397,10591,Scott Alexander,L,,,,,,,,92.8,2271,24.5,0.19,0.344,8.4,2.7,,,,,,,,,,,,,,,,,,,,,,,,,,,,
664196,18029,Tanner Anderson,R,,,,,,,,92.6,2248,24.3,0.13,0.363,-7.9,3,,,,,,,,,,,,,,,,,,,,,,,,,,,,
544365,5365,Manny Banuelos,L,,,,,,,,91.4,1896,20.7,0.19,0.38,10,3,,,,,,,,85.3,2265,26.6,0.29,0.373,-1,1.4,,,,,,,,,,,,,,
424144,1514,Oliver Perez,L,,,,,,,,91.8,2161,23.5,0.16,0.274,11.3,2.8,,,,,,,,78.5,2279,29.0,0.42,0.266,-4.9,-1.2,,,,,,,,,,,,,,
641149,14764,Wes Parsons,R,,,,,,,,93.3,2316,24.8,0.15,0.424,-8.4,5.5,,,,,,,,85.9,2512,29.2,0.31,0.295,1.4,0,,,,,,,,,,,,,,
519096,7385,Dan Otero,R,,,,,,,,89.1,2012,22.6,0.05,0.431,-9.9,3.2,,,,,,,,,,,,,,,,,,,,,,,,,,,,
446321,2859,Ross Detwiler,L,,,,,,,,90.7,2098,23.1,0.07,0.433,9.6,3.9,,,,,,,,,,,,,,,,,,,,,,,,,,,,
605260,13616,Taylor Guerrieri,R,,,,,,,,93.8,2165,23.1,0.09,0.483,-8.9,4.3,,,,,,,,,,,,,,,,,,,,,,80.5,2998,37.2,0.32,0.242,6.4,-11.7
643615,19269,T.J. Zeuch,R,,,,,,,,91.9,2192,23.9,0.18,0.395,-9.1,4.2,,,,,,,,,,,,,,,,,,,,,,,,,,,,
